Strategia,Strumento/Piattaforma,Cosa_Offre,Limitazioni,Costo_Mensile_EUR
No-Code Platform Gratuito,Adalo (Free Plan),"App illimitate prototype, 200 records DB","Solo prototype, no custom domain",0€
No-Code Platform Gratuito,FlutterFlow (Free),"Editor drag&drop, export codice",Funzionalità avanzate a pagamento,0€
No-Code Platform Gratuito,Thunkable,"Visual app builder, cloud hosting",Branding limitato piano gratuito,0€
No-Code Platform Gratuito,Jotform Apps,"800+ template, customizzazione completa","Max 5 form, storage limitato",0€
Hosting Gratuito,Vercel,"Deploy Next.js gratis, CDN globale","Solo frontend, no backend complex",0€
Hosting Gratuito,Netlify,"Static hosting, form handling","Solo static site, no database",0€
Hosting Gratuito,Firebase Hosting,"1GB hosting, custom domain","Banda limitata, no server logic",0€
Hosting Gratuito,GitHub Pages,Static site hosting da GitHub,"Solo static, no dynamic content",0€
Revenue Sharing Partner,Appweg Model,App personalizzata senza costi upfront,"Devi condividere ricavi, controllo limitato",0€ upfront
Revenue Sharing Partner,Revenue Share Developer,Partnership 50/50 sui ricavi,50% ricavi al partner,0€ upfront
Bootstrap + Monetizzazione Immediata,Freemium Launch,Piano gratuito + upgrade immediate,Devi convertire rapidamente,0€ iniziale
Bootstrap + Monetizzazione Immediata,Early Payment Model,Pagamento solo dopo prime vendite,Rischio alto se non vendi,0€ iniziale
Open Source + Community,Flipabit,"Native app builder, 1500+ integrazioni",Alcune funzioni premium,0€
Open Source + Community,AppsGeyser,"App Android gratuita, monetizzazione ads","Solo Android, ads obbligatorie",0€
